{
  "stats": {
    "submitted": 44,
    "finished": 44,
    "running": 0
  },
  "data": [
    [
      1,
      "p26",
      209652396,
      null,
      306.0,
      0.3682379722595215,
      1,
      1686026809.187398,
      1686026809.558292,
      {}
    ],
    [
      1,
      "p23",
      209652396,
      null,
      270.0,
      0.3592720031738281,
      1,
      1686026809.5607789,
      1686026809.9208345,
      {}
    ],
    [
      2,
      "p26",
      209652396,
      null,
      306.0,
      0.35158491134643555,
      1,
      1686026809.9859705,
      1686026810.338353,
      {}
    ],
    [
      2,
      "p23",
      209652396,
      null,
      270.0,
      0.3393716812133789,
      1,
      1686026810.340489,
      1686026810.6806953,
      {}
    ],
    [
      1,
      "p25",
      209652396,
      null,
      294.0,
      0.35678553581237793,
      1,
      1686026810.6840558,
      1686026811.041665,
      {}
    ],
    [
      3,
      "p23",
      209652396,
      null,
      538.0,
      0.38019871711730957,
      1,
      1686026811.044283,
      1686026811.425294,
      {}
    ],
    [
      3,
      "p25",
      209652396,
      null,
      586.0,
      0.43360209465026855,
      1,
      1686026811.4275,
      1686026811.8619237,
      {}
    ],
    [
      3,
      "p26",
      209652396,
      null,
      610.0,
      0.42696547508239746,
      1,
      1686026811.8643494,
      1686026812.293123,
      {}
    ],
    [
      1,
      "p24",
      209652396,
      null,
      282.0,
      0.33477354049682617,
      1,
      1686026812.2964687,
      1686026812.632058,
      {}
    ],
    [
      4,
      "p23",
      209652396,
      null,
      404.0,
      0.3837454319000244,
      1,
      1686026812.63455,
      1686026813.0191135,
      {}
    ],
    [
      4,
      "p24",
      209652396,
      null,
      422.0,
      0.3619651794433594,
      1,
      1686026813.0214298,
      1686026813.3842192,
      {}
    ],
    [
      4,
      "p26",
      209652396,
      null,
      458.0,
      0.40967488288879395,
      1,
      1686026813.3865237,
      1686026813.7970304,
      {}
    ],
    [
      4,
      "p25",
      209652396,
      null,
      440.0,
      0.37433600425720215,
      1,
      1686026813.799175,
      1686026814.1743295,
      {}
    ],
    [
      1,
      "p21",
      209652396,
      null,
      246.0,
      0.3164651393890381,
      1,
      1686026814.1779833,
      1686026814.495264,
      {}
    ],
    [
      5,
      "p25",
      209652396,
      null,
      586.0,
      0.44290781021118164,
      1,
      1686026814.4985259,
      1686026814.9423716,
      {}
    ],
    [
      5,
      "p24",
      209652396,
      null,
      562.0,
      0.3951570987701416,
      1,
      1686026814.944934,
      1686026815.3409195,
      {}
    ],
    [
      5,
      "p21",
      209652396,
      null,
      490.0,
      0.4065539836883545,
      1,
      1686026815.3435326,
      1686026815.750902,
      {}
    ],
    [
      5,
      "p26",
      209652396,
      null,
      610.0,
      0.4133017063140869,
      1,
      1686026815.7533457,
      1686026816.1674647,
      {}
    ],
    [
      5,
      "p23",
      209652396,
      null,
      538.0,
      0.39006567001342773,
      1,
      1686026816.1701596,
      1686026816.561045,
      {}
    ],
    [
      1,
      "p17",
      209652396,
      null,
      198.0,
      0.3475370407104492,
      1,
      1686026816.5655036,
      1686026816.9139898,
      {}
    ],
    [
      6,
      "p23",
      209652396,
      null,
      404.0,
      0.3618323802947998,
      1,
      1686026816.9171398,
      1686026817.2797809,
      {}
    ],
    [
      6,
      "p21",
      209652396,
      null,
      368.0,
      0.33748602867126465,
      1,
      1686026817.2826128,
      1686026817.6211267,
      {}
    ],
    [
      6,
      "p25",
      209652396,
      null,
      440.0,
      0.405320405960083,
      1,
      1686026817.623979,
      1686026818.0301173,
      {}
    ],
    [
      6,
      "p24",
      209652396,
      null,
      422.0,
      0.364609956741333,
      1,
      1686026818.0326815,
      1686026818.3981252,
      {}
    ],
    [
      6,
      "p26",
      209652396,
      null,
      458.0,
      0.4212226867675781,
      1,
      1686026818.4009418,
      1686026818.822983,
      {}
    ],
    [
      6,
      "p17",
      209652396,
      null,
      296.0,
      0.30805373191833496,
      1,
      1686026818.8258145,
      1686026819.134692,
      {}
    ],
    [
      1,
      "p27",
      209652396,
      null,
      318.0,
      0.3584632873535156,
      1,
      1686026819.13885,
      1686026819.4981298,
      {}
    ],
    [
      7,
      "p25",
      209652396,
      null,
      440.0,
      0.41397523880004883,
      1,
      1686026819.5017507,
      1686026819.916661,
      {}
    ],
    [
      7,
      "p23",
      209652396,
      null,
      404.0,
      0.3544936180114746,
      1,
      1686026819.9196393,
      1686026820.274952,
      {}
    ],
    [
      7,
      "p26",
      209652396,
      null,
      458.0,
      0.3833177089691162,
      1,
      1686026820.2778556,
      1686026820.6619954,
      {}
    ],
    [
      7,
      "p27",
      209652396,
      null,
      476.0,
      0.42235708236694336,
      1,
      1686026820.6647193,
      1686026821.088005,
      {}
    ],
    [
      7,
      "p21",
      209652396,
      null,
      368.0,
      0.3404655456542969,
      1,
      1686026821.0908923,
      1686026821.4321826,
      {}
    ],
    [
      7,
      "p17",
      209652396,
      null,
      296.0,
      0.3415718078613281,
      1,
      1686026821.434893,
      1686026821.7772827,
      {}
    ],
    [
      7,
      "p24",
      209652396,
      null,
      422.0,
      0.3600285053253174,
      1,
      1686026821.7800558,
      1686026822.140906,
      {}
    ],
    [
      1,
      "p19",
      209652396,
      null,
      222.0,
      0.2986323833465576,
      1,
      1686026822.1454172,
      1686026822.4448614,
      {}
    ],
    [
      8,
      "p24",
      209652396,
      null,
      422.0,
      0.40012383460998535,
      1,
      1686026822.4982915,
      1686026822.8991983,
      {}
    ],
    [
      8,
      "p26",
      209652396,
      null,
      458.0,
      0.3801419734954834,
      1,
      1686026822.90229,
      1686026823.283249,
      {}
    ],
    [
      8,
      "p19",
      209652396,
      null,
      332.0,
      0.3230772018432617,
      1,
      1686026823.286386,
      1686026823.610287,
      {}
    ],
    [
      8,
      "p17",
      209652396,
      null,
      296.0,
      0.3372154235839844,
      1,
      1686026823.6132276,
      1686026823.951259,
      {}
    ],
    [
      8,
      "p25",
      209652396,
      null,
      440.0,
      0.37307167053222656,
      1,
      1686026823.9544542,
      1686026824.3283606,
      {}
    ],
    [
      8,
      "p23",
      209652396,
      null,
      404.0,
      0.3963761329650879,
      1,
      1686026824.3313408,
      1686026824.7286716,
      {}
    ],
    [
      8,
      "p21",
      209652396,
      null,
      368.0,
      0.337160587310791,
      1,
      1686026824.7316697,
      1686026825.0696638,
      {}
    ],
    [
      8,
      "p27",
      209652396,
      null,
      476.0,
      0.39119839668273926,
      1,
      1686026825.072644,
      1686026825.4646916,
      {}
    ],
    [
      1,
      "p20",
      209652396,
      null,
      234.0,
      0.3423781394958496,
      1,
      1686026825.4698873,
      1686026825.8130932,
      {}
    ]
  ],
  "configs": {
    "1": {
      "alias": "lama-first",
      "bad0": true,
      "bad1": true,
      "bad2": true,
      "good0": 1,
      "good1": 1,
      "good2": 1,
      "good3": 1,
      "ignore-bad-actions": "true",
      "queue_type": "ipc23-single-queue",
      "termination-condition": "full"
    },